integration_phase,dataset_name,usage_purpose,model_component,data_split_ratio,preprocessing_steps,training_epochs,validation_metric
pre_training,ASAP-AES,base_model_training,both_modules,80-10-10,tokenization_normalization,5,correlation_0.834
pre_training,Cambridge_Learner_Corpus,pattern_learning,fluency_module,85-10-5,error_filtering_quality_check,3,fluency_correlation_0.821
pre_training,Academic_Writing_Corpus,style_normalization,fluency_module,90-5-5,register_analysis_filtering,2,style_consistency_0.789
pre_training,EFL_Essay_Corpus,efl_pattern_learning,both_modules,80-15-5,proficiency_stratification,4,efl_correlation_0.798
fine_tuning,CoNLL_2014_GEC,error_correction_training,correctness_module,70-15-15,error_annotation_alignment,8,gec_f0.5_0.623
fine_tuning,BEA_2019_GEC,advanced_gec_training,correctness_module,75-12.5-12.5,multi_annotator_consensus,6,gec_f0.5_0.687
fine_tuning,NUCLE_Corpus,learner_error_patterns,correctness_module,80-10-10,error_taxonomy_mapping,7,error_detection_f1_0.745
fine_tuning,Feedback_Prize_ELL,feedback_generation,both_modules,70-20-10,feedback_quality_annotation,5,feedback_correlation_0.712
domain_adaptation,Pakistani_University_Corpus,target_domain_adaptation,both_modules,70-15-15,cultural_context_preservation,10,target_correlation_0.923
domain_adaptation,TOEFL_Writing_Samples,standardized_alignment,both_modules,60-20-20,score_normalization,3,toefl_correlation_0.856
domain_adaptation,IELTS_Writing_Responses,test_format_alignment,both_modules,60-20-20,band_score_mapping,3,ielts_correlation_0.834
evaluation,CoNLL_2014_Test,gec_benchmarking,correctness_module,0-0-100,standard_evaluation_format,0,benchmark_f0.5_0.634
evaluation,JFLEG_Corpus,fluency_benchmarking,fluency_module,0-0-100,fluency_annotation_alignment,0,fluency_gleu_0.578
evaluation,Proprietary_Test_Set,final_validation,both_modules,0-0-100,comprehensive_annotation,0,final_correlation_0.923
augmentation,Lang8_Learner_Corpora,error_pattern_augmentation,correctness_module,100-0-0,error_injection_simulation,2,augmentation_diversity_0.834
augmentation,Sentence_Fluency_Dataset,fluency_augmentation,fluency_module,100-0-0,fluency_degradation_simulation,2,fluency_range_expansion_0.789
cross_validation,EFCAMDAT,cross_linguistic_validation,both_modules,0-50-50,l1_background_stratification,0,cross_linguistic_correlation_0.798
cross_validation,ICNALE_Asian_Corpus,regional_validation,both_modules,0-50-50,asian_efl_pattern_analysis,0,regional_correlation_0.812
cross_validation,TOEFL11_Corpus,l1_transfer_analysis,both_modules,0-60-40,native_language_stratification,0,l1_effect_analysis_0.756
model_comparison,ASAP_Baseline_Models,performance_benchmarking,both_modules,0-0-100,baseline_reproduction,0,baseline_correlation_0.789
model_comparison,Commercial_AWE_Outputs,commercial_comparison,both_modules,0-0-100,score_alignment_analysis,0,commercial_correlation_0.812
integration_weights,combined_training_corpus,weighted_sampling,both_modules,variable,importance_weighted_sampling,variable,weighted_performance_0.923
quality_control,inter_annotator_agreement,reliability_verification,both_modules,0-100-0,agreement_threshold_filtering,0,kappa_0.847_fluency
quality_control,test_retest_reliability,consistency_verification,both_modules,0-50-50,temporal_consistency_check,0,test_retest_0.912
bias_detection,demographic_balance,fairness_assessment,both_modules,0-100-0,demographic_stratification,0,fairness_parity_0.95
bias_detection,cultural_neutrality,bias_mitigation,both_modules,0-100-0,cultural_bias_screening,0,neutrality_score_0.89